id,name,email,username,password,birthday,overdue,status
1,Herbie Drakeford,hdrakeford0@about.me,hdrakeford0,zF0)02`V@zS7Pz,3/31/2025,f,active
2,Allison Gashion,agashion1@comcast.net,agashion1,"nV2\A""zo7",1/31/2014,f,active
3,Conan Kubatsch,ckubatsch2@cisco.com,ckubatsch2,"tO8$\,(OU<mN",1/29/2017,f,disabled
4,Quinlan Draye,qdraye3@4shared.com,qdraye3,aV0=Ygey,6/9/1997,t,active
5,Perri Lott,plott4@blogger.com,plott4,uU3|5t#v+iT,8/18/2018,t,disabled
6,Suellen Whiteside,swhiteside5@blog.com,swhiteside5,"xE0""M5v~!GRBy",5/19/1994,f,active
7,Lainey Kemston,lkemston6@mozilla.com,lkemston6,"lX3?>w?%,7C}&B",10/3/1998,f,disabled
8,Yvon Laterza,ylaterza7@cargocollective.com,ylaterza7,"mJ1""Oj*W=oCCrTJG",1/31/2007,t,disabled
9,Stanwood Schinetti,sschinetti8@ustream.tv,sschinetti8,dO8/Obx?,9/6/2005,f,disabled
10,Alla Rudinger,arudinger9@walmart.com,arudinger9,fJ3(BB'JJ@m_/7rC,9/16/1999,f,disabled
11,Clarita McOrkill,cmcorkilla@globo.com,cmcorkilla,nF4_R)Pt8h,10/20/1993,t,disabled
12,Thaxter Moyer,tmoyerb@dot.gov,tmoyerb,mV0+@Gx`&lVr/OF`,6/27/2015,t,active
13,Tamera Glacken,tglackenc@blogspot.com,tglackenc,lS2+~W)p~`E3Pn,9/17/2021,f,active
14,Bryce Roseborough,broseboroughd@marriott.com,broseboroughd,eQ5(.E6s`,5/17/2023,f,active
15,Odell Dunlop,odunlope@virginia.edu,odunlope,jG8%A$vB%?T&Q,4/4/2003,f,active
16,Zia Belbin,zbelbinf@techcrunch.com,zbelbinf,tM3$/gR_a$W`+H,12/6/2000,t,active
17,Eleni Gettone,egettoneg@nbcnews.com,egettoneg,dZ5\u?MK{2Rg)~,6/14/2013,t,active
18,Pearce Ferran,pferranh@japanpost.jp,pferranh,kU8'U+IY4wvBFwJ,2/20/2009,t,active
19,Maurine Skeermor,mskeermori@netvibes.com,mskeermori,zN3'~<_`y,9/2/1993,t,active
20,Tootsie McEneny,tmcenenyj@netscape.com,tmcenenyj,"nM4',Vrb",2/12/2007,t,disabled
21,Philis Conrart,pconrartk@berkeley.edu,pconrartk,aQ8.IL*H$Cs%1W,1/29/2009,f,active
22,Desmond Eayres,deayresl@privacy.gov.au,deayresl,qZ1#`XN$m*n_/,9/30/1990,f,active
23,Claudette Galiero,cgalierom@youtube.com,cgalierom,bT9~WpbO,10/9/2020,f,active
24,Margy Drewitt,mdrewittn@friendfeed.com,mdrewittn,qZ0%G?_g(?g4,8/1/2015,t,disabled
25,Abigael Janz,ajanzo@xinhuanet.com,ajanzo,aX1%DY=K}C@?,1/14/2008,f,active
26,Bryant Gurnay,bgurnayp@utexas.edu,bgurnayp,"oL8{s(h34!,oMYyn",6/2/2006,f,disabled
27,Vicki Coast,vcoastq@php.net,vcoastq,lZ2@!Vyho'H7,7/22/1995,t,active
28,Darleen Schowenburg,dschowenburgr@macromedia.com,dschowenburgr,bK9!24Sz_ai,1/11/1994,f,disabled
29,Beitris Trevarthen,btrevarthens@springer.com,btrevarthens,mH9{E8)BHl.*,7/5/2021,t,disabled
30,Valentina Dany,vdanyt@google.es,vdanyt,"lT9""T1~8Ht7%#",9/9/2017,t,active
31,Stanislas Geke,sgekeu@desdev.cn,sgekeu,iZ4\J|)SzY%~\,10/9/1991,f,active
32,Dmitri Avrahamoff,davrahamoffv@icio.us,davrahamoffv,oB1%&w='0s,12/13/2001,t,active
33,Almire Rowlatt,arowlattw@sciencedirect.com,arowlattw,aH5|H>(QzD(8hMW,1/28/1996,f,active
34,Hussein Redborn,hredbornx@timesonline.co.uk,hredbornx,jH9$2dhR,4/23/2020,f,active
35,Sybyl Hussey,shusseyy@europa.eu,shusseyy,mN5!A}K*aJ|FiT,5/17/2025,t,disabled
36,Boigie De Gowe,bdez@mashable.com,bdez,tL2&t|35,1/25/2009,t,active
37,Zelda Sexstone,zsexstone10@cdc.gov,zsexstone10,dF8*qrNw41Zh9k@O,10/4/2015,t,active
38,Jackie Spellesy,jspellesy11@harvard.edu,jspellesy11,rP8{|hf>a4@?RDC,12/30/2002,f,disabled
39,Bayard Goggan,bgoggan12@latimes.com,bgoggan12,"oN6,vu?+yBxpa&",11/8/2012,f,disabled
40,Janaye Czajkowski,jczajkowski13@hao123.com,jczajkowski13,sF2|/zE1>rg.X,9/26/2021,t,disabled
41,Alfy Brownsworth,abrownsworth14@naver.com,abrownsworth14,xZ9(qJY+N,11/23/2006,f,disabled
42,Ailis Mence,amence15@artisteer.com,amence15,yS5'wxX1H?,4/11/2010,t,active
43,Marsh Davley,mdavley16@nifty.com,mdavley16,"jJ1!Z(Rg,7(TMBW",10/1/2004,t,active
44,Erroll Blemings,eblemings17@google.ru,eblemings17,mO7)34<`etA,3/1/2018,t,active
45,Adda Drinkel,adrinkel18@census.gov,adrinkel18,"lW2'*u,y=)s=XD5/",5/17/2010,t,disabled
46,Domeniga McCard,dmccard19@youku.com,dmccard19,"cA9~I,M#Hb",11/21/1998,t,disabled
47,Breena Standen,bstanden1a@sogou.com,bstanden1a,"xX9%4S}as,}",12/23/1991,t,active
48,Aaren Addeycott,aaddeycott1b@spiegel.de,aaddeycott1b,hE8#9+y1wD>0|{s,11/3/2007,f,active
49,Ulick McGerr,umcgerr1c@usda.gov,umcgerr1c,tW5)l.aeqn,6/6/2004,f,active
50,Tobi Tommis,ttommis1d@nih.gov,ttommis1d,mX4)WiiTxbZmx@9,12/11/2012,t,disabled
51,Toni Pearson,princeshelia@example.net,naguilar,#CJ0L*i!3Z,1972-05-06,f,active
52,Charles Willis,shawnbennett@example.net,ufoster,%6mY@slMSw,1924-03-12,f,active
53,Maria Hughes,melissa22@example.com,bowersroger,%0i0FZsD96,1923-10-21,t,active
54,Ryan Walsh,james41@example.com,deanmiller,$bASXbmp6_,1927-08-13,t,active
55,Carol Guerrero,nichole18@example.com,klineryan,V_xS9YyNuJ,1982-02-04,f,active
56,Brianna King,nanderson@example.com,vgonzales,7TF1%!7fM#,1989-05-10,t,active
57,Jaime Gordon,kristinreeves@example.com,ovalentine,j7#3GDTrt(,2001-06-26,f,active
58,Jeremy Wade,qrandolph@example.org,rodgerskristen,DYWot%+v!4,1955-01-25,f,active
59,Lauren Alvarado,longleslie@example.net,whitakerstephen,_BHiNw9b61,2014-04-27,t,active
60,Kyle Ferguson,sarahcox@example.org,fthomas,OqQ70Kbl^x,1937-09-05,f,active
61,Latoya Price,michelle90@example.net,eboyd,(6H0t#vS4u,2014-12-07,f,active
62,Denise Wood,simstravis@example.org,markdominguez,#0dOplcXg&,1967-05-31,t,active
63,Joe Baker,jmorton@example.org,vvillanueva,e#7Tygfk#N,2002-11-17,t,active
64,Lindsey Jacobs,davidramirez@example.com,jacqueline47,@rm3vAlr%9,1912-11-04,f,active
65,Danielle Fitzpatrick,sydney41@example.net,gvalenzuela,4oKmwrYj@L,1914-12-03,t,active
66,Thomas Acosta,heathermullins@example.com,fsandoval,URPk8NSai*,1955-08-29,f,active
67,Matthew Henderson,timothygaines@example.org,courtneywilson,_X94FNTjDi,1980-09-20,f,active
68,Sandy Ray,tim66@example.net,joel23,+77Jgc4HN7,1969-12-14,t,active
69,Mrs. Rachel Mendoza DDS,williamsjeremy@example.com,wendy99,q)58dhMcM*,1952-05-20,t,active
70,George Smith,dustinhogan@example.org,jroberts,@3aRBB(lNB,1964-10-27,t,active
71,Calvin Rodriguez,cwhitney@example.com,wgarcia,FI2JPp2^U$,1961-10-10,t,active
72,Paul Walls,arodriguez@example.net,todd16,B+N32Jh1@%,2006-04-06,f,active
73,Randy Dunlap,kerry81@example.com,dsmith,&f*u4DZt*C,1987-01-07,f,active
74,Travis Ware,ritayoung@example.com,brooke96,C_g0A64iY%,2001-01-08,f,active
75,Thomas Ramirez,zgomez@example.com,hrocha,2AZ3ElQ#$%,1996-10-13,f,active
76,Jennifer Bradley,belljuan@example.org,lsanchez,K^s4lIfK+W,1913-01-05,t,active
77,Amy Hall,hhoward@example.net,turnerjonathan,@uy@S1ZbyX,2013-09-14,t,active
78,Matthew Taylor,kevinvelasquez@example.com,ruthkaufman,exO4VFMf!n,1961-05-05,f,active
79,Michelle Salazar,dennis46@example.org,jennifer19,(m6OC$Y2L6,1921-10-26,t,active
80,Nicole Wade,brandonhorton@example.org,randallmora,$$#T)vdSi4,1933-03-04,f,active
81,Elijah Adams,austinmoody@example.net,wjones,&A*5J!WsMc,2023-10-12,f,active
82,Gavin Morgan,heather59@example.org,sarah17,&D8O^ge9hB,1943-05-28,f,active
83,Joe Powell,jordansmith@example.org,zmedina,5S8qCmvE1*,1987-07-17,t,active
84,David Small,smithkyle@example.net,erica68,uC!7eONxF6,1912-05-19,t,active
85,Sergio Newman,xwalker@example.org,michael73,e02MOQco^F,1912-06-10,t,active
86,Karen Mcguire,tanya46@example.org,samantharobinson,O&@K2RhAXe,1966-08-18,f,active
87,Anthony Santiago,marshallsteven@example.com,smithdylan,(6lKa_Tl$N,1991-07-09,f,active
88,Erika Hensley,whitakerbradley@example.org,oneillnathan,@0n2XE2m^n,2015-01-01,t,active
89,Philip Mitchell,zachary08@example.org,john74,@8Ot%#UjQL,1939-06-23,f,active
90,Matthew Evans,wendyboyd@example.net,samanthawood,gKrYG61xk),1984-05-22,t,active
91,Julia Yu,amber25@example.org,stonealbert,E(x480PvSn,1929-03-26,f,active
92,Justin Cunningham,kwyatt@example.org,katherinecooper,R(3aTNgp%D,1981-01-11,t,active
93,Jacob Huang,erin52@example.org,janetholmes,g%#4NuZBQ!,2007-05-21,t,active
94,Joe Vang,wrivera@example.org,kimberlyfarmer,DA5KqguB&d,1918-06-11,f,active
95,Michael Strickland,collinschristopher@example.org,heatherbuck,!3p2t)CVJr,2016-01-17,f,active
96,Eric Vega,gordoncindy@example.com,perezjoseph,*d*UJiEnN1,1987-09-28,t,active
97,David Wilson,cassandrasilva@example.com,obriencynthia,jt_K#QAT*9,1943-08-26,t,active
98,Monica Hayes,melody11@example.org,glennrichard,^RIENEoJk3,1996-06-24,f,active
99,Julie Conner,troymullen@example.com,jasonsmith,kePlHHTr@8,1926-09-27,f,active
100,Tracy Parker,rogerspeter@example.net,justin61,PEi6$Fq@i$,1955-07-10,t,active
101,Jason Wiggins,christine31@example.org,lindalee,F1LOX^Xg@h,2004-08-01,t,active
102,Gerald Green,watkinsglenn@example.net,steven98,%n*2GfAiA^,1976-07-12,t,active
103,Valerie Hall,larsonmitchell@example.net,harrisstanley,w*t3jCsOD(,1933-01-15,f,active
104,Casey Douglas,robertfitzpatrick@example.org,elizabeth18,$78N*uKgDs,1978-12-31,f,active
105,Jordan Chen,rachelmorton@example.com,nancy80,g2OM7j3f*7,2008-01-19,f,active
106,Rebecca Woods,michaelpatterson@example.org,nicolehiggins,em0&BLvDl#,1997-05-26,t,active
107,Shannon Wilkerson,cpayne@example.com,kyle21,_K77K)ifJ),1962-06-14,f,active
108,Paula Johnson,xanderson@example.org,arianahopkins,R$91K(xxNp,2021-04-09,t,active
109,Bradley Ramirez,campbelljonathan@example.com,msteele,(35BqXvpbg,2015-10-30,f,active
110,Kayla Murphy,juliagordon@example.org,jfowler,AnYe&5Pzis,2000-10-05,t,active
111,Melissa Cooper,zburton@example.com,janet16,)3(Cnlo^vR,1961-02-23,t,active
112,Janice Wong,ystewart@example.com,tracypollard,%9TxFgUR_$,1970-03-09,f,active
113,Charles Perry,michaelfrye@example.net,medinarenee,aJBvw2Uf(1,1979-10-22,t,active
114,Allison Calderon DDS,cburns@example.com,edwardhubbard,H*1B%wI*0O,1914-07-06,f,active
115,Angel Ray,bneal@example.net,joel00,%cq5$UOE9a,1954-03-18,t,active
116,Thomas Moore,rojasjeffrey@example.net,michaeljohnson,i!TQ2#PuCv,1981-02-13,f,active
117,Alexis Thomas,philip05@example.com,gwong,+82eiKIi_#,2017-07-09,f,active
118,Brian Horton,brendagraham@example.net,nicolehudson,f7ZCnii8^),1945-03-16,t,active
119,Nicholas Meyers,qdavis@example.org,andreamercado,*7#a8Tff85,2024-12-11,f,active
120,Darlene Todd,john57@example.org,wbean,MB8Og44K*7,1980-07-21,f,active
121,Matthew Alvarez,raymondgallagher@example.org,allentimothy,bN2)Voi9K&,1937-12-26,t,active
122,Mary Thomas,qquinn@example.com,wjohnson,p3BO8mpI&b,1985-12-22,t,active
123,Wanda Wyatt,ellenallen@example.com,atkinsshannon,#7HDzXyO_(,1952-07-07,t,active
124,Zachary Thomas,pbriggs@example.org,srivera,y3RyrFn2%1,1929-08-22,t,active
125,Joseph Blevins,hodgestodd@example.org,charles83,e!H80CVu4L,1956-02-27,t,active
126,Robert Valdez,stoutkimberly@example.net,vmason,$X+4Fuho)Q,1979-05-02,t,active
127,Stephen Yoder,jerrycook@example.org,jamesclark,@l0TDPze^(,1993-07-08,f,active
128,John Castillo,toddjones@example.net,peter10,t_!80BiiGJ,2003-02-28,f,active
129,Michelle Mercer,ichen@example.com,simmonsyvonne,!OWWm0aIZ7,1932-11-12,f,active
130,Brenda Little,trevor45@example.net,johnsmith,q51Kuge!#x,1930-10-20,t,active
131,Rachel Winters,bchen@example.org,kramerlori,++5PnNOXVY,2016-06-05,t,active
132,Joshua Smith,laurieestes@example.com,camachocarolyn,Xao86*Ht_#,1963-12-14,t,active
133,Misty Henderson,amanda42@example.net,christina41,*xn0qFSsa2,1999-07-12,t,active
134,William Morris,kimberlyhubbard@example.net,sherry19,HGQfntXE@4,1917-07-22,f,active
135,Steven Boyd,mcdonaldhunter@example.net,julie00,!@pC8HDrUQ,1961-08-20,t,active
136,Gloria Hughes,amandacross@example.org,warrendaniel,5E7Cn^iT$F,1945-06-25,t,active
137,Stephanie Peterson,derekellis@example.com,csmith,*5WoBI1eC&,2009-12-07,f,active
138,Madeline Roberts,michaelgarcia@example.net,egibson,j5DICxRL*u,1911-01-23,f,active
139,Jason Pennington,spowell@example.com,terrireynolds,_ps6R4Gd@y,1999-12-24,t,active
140,Jeremiah Gonzales,oliviaweaver@example.com,frankerica,E0r8Ds1N+%,1995-09-22,f,active
141,Nicole Drake,marywilliams@example.net,wilsontiffany,Ym9VbGBL)z,1973-11-01,t,active
142,Christine Cooper,nicholas78@example.org,angela80,)OV4%S*u3K,2013-05-01,t,active
143,Mary Marshall,davidsmith@example.net,scott04,#jQl^bArf5,2003-08-29,f,active
144,Nancy Evans DDS,deannaperkins@example.org,johnboyd,*Ea9sJ_n4_,1965-07-16,t,active
145,William Smith,eric14@example.net,bwilliams,*1&JZPE3Ud,1926-05-21,t,active
146,Tyler Martin,greenrandy@example.net,tsingh,#EyZUUZa13,1982-01-06,t,active
147,Kathleen Miller,cnelson@example.org,jamiedavis,G!35YTw(&X,1978-12-17,f,active
148,Chris Hancock,gharris@example.org,ocobb,^9wc(I4zeE,1913-12-01,f,active
149,Richard Williams,robert92@example.net,michael49,%RHH0LbJ5(,2024-05-10,f,active
150,Jennifer Summers,eric36@example.org,michaellevine,($1!&QcrcF,2000-12-02,f,active
151,Matthew Hartman,tinaramirez@example.net,calvin79,@97WyaBI1l,2024-12-01,t,active
152,Kristen Santos,michael62@example.org,jennifer56,0iS8cNYi*x,1958-02-16,f,active
153,Jason Smith,kenneth96@example.net,lopeznicholas,%@5ZIzUaYL,2025-10-29,t,active
154,Pamela Allen,dorothymeyers@example.net,aaron52,z4C(!7MQ(@,1971-01-27,t,active
155,Alex Banks,freymitchell@example.com,powellhaley,8KSIY)Jc)g,1988-11-07,t,active
156,Katherine Navarro,johnsontimothy@example.org,teresa43,fh&GMKpd$3,1986-10-13,t,active
157,Paul Bennett,brewerjennifer@example.com,hgarza,@aI*xG1Q2k,1942-10-05,f,active
158,Bradley Miranda,ariasrenee@example.org,jessicajoseph,5*$1VDQi#!,1952-02-17,f,active
159,Derek Stevenson,ssexton@example.com,sandraferguson,VEr9UCx_l*,1941-05-07,t,active
160,Heidi Sanchez,diazcynthia@example.com,debbie65,w$+1Cfj)go,1994-01-02,t,active
161,Charles Webb,acostajoseph@example.com,mcmahonderrick,(8R4zgy75$,2017-12-29,t,active
162,Ronald Morris,dnguyen@example.net,hortega,C08T@8Zm%K,1946-12-07,t,active
163,Dustin Nelson,erika40@example.org,shawncrosby,y1aUzxRd#8,1972-04-11,t,active
164,Samantha Kelly,chull@example.org,robertgalloway,j_LRM9Qthv,2002-03-08,f,active
165,David Burns,aguirreaudrey@example.net,cmcintosh,N7_7LocS^H,1951-07-29,f,active
166,Donald Flynn,jennasantos@example.org,tconrad,%7YWgxaS*#,1916-05-31,f,active
167,Emma Foster,patricia66@example.com,cynthiahouston,@6$Qgv^MFz,1963-10-10,f,active
168,Dr. Brian Miller DDS,michele57@example.org,douglasdarryl,_wM@r7rtJ4,1998-08-02,f,active
169,Kayla Lopez,qmyers@example.com,jasonmcintosh,yq@6TEoh%i,2006-09-24,f,active
170,Destiny Thomas,guerreroroberto@example.net,nolson,6Tz2Ho#dF_,1983-11-10,f,active
171,Rebecca Sanders,laurieolson@example.com,qtaylor,f6xMGS&9%N,1992-07-17,f,active
172,Mr. William Simon,nicole76@example.org,conniemccoy,))7QA(rU0a,1950-07-05,t,active
173,Nicole Dickson,wrichardson@example.org,wendy84,RdJ)8OcQwl,1925-11-15,t,active
174,Jon Nguyen,boothangela@example.com,tammybean,@2IO)PHkK),1967-06-19,t,active
175,David Miller,lgallagher@example.net,brett38,##sq3LelrS,1965-06-04,t,active
176,Donald Ross,mario29@example.org,thomaswhite,%9j2EL2mqf,1987-01-17,t,active
177,Lisa Peterson,mayjustin@example.com,jake24,+&bAUPTm16,1950-11-01,t,active
178,David Johnson,uburns@example.com,xhammond,(dqWIIMIk3,1935-01-08,f,active
179,Lori Wolfe,wilkinsongeorge@example.org,nancynewman,xA$(5(Xn$k,1919-01-03,t,active
180,Cassidy Morales,timothyrobles@example.org,jordanwilliam,u*3BmoVvMN,2010-02-26,f,active
181,Michael Singh,cbarrett@example.net,higginstina,u5r_6uFtRP,1978-08-21,t,active
182,Blake Underwood,sean46@example.org,adouglas,X0j8QDFoo$,1946-10-11,t,active
183,Jennifer Hahn,norrisheather@example.net,tracywallace,*U2VUy6zWI,1993-01-22,f,active
184,Glen Dillon,john52@example.org,xolsen,&63&1Xrm1Q,1982-11-29,f,active
185,Belinda Pearson,victorpearson@example.org,nealsteve,oZJ!0Jo+5i,1976-10-23,f,active
186,Jessica Collins,lisa63@example.net,lopezjoshua,^0JJiqqU@s,1911-06-06,t,active
187,Douglas Cooper,susan11@example.net,hurleyjessica,@(C8+WcdS3,1949-06-23,f,active
188,Chase Faulkner,ulawson@example.org,richardwilliams,(0RcXkMpiW,1966-06-10,t,active
189,Troy Gregory,ijohnson@example.net,amandaschmidt,*1lU5BMb!9,1951-01-24,f,active
190,Aaron Cunningham,cpowell@example.com,terribrown,&Lf2ZcvBCK,1950-04-06,t,active
191,Shawna Holt,lhutchinson@example.org,dwayne00,K_XxcPtJ+5,1976-09-16,t,active
192,Dr. Cynthia Warren,heatherpeterson@example.com,kruegercathy,(%I3NaMJ!P,1928-10-12,f,active
193,Ariel Newman,swilkerson@example.com,steelebrianna,&8$rA8Zq@A,2000-03-13,t,active
194,Janet Carroll,sharonsnyder@example.org,cheryl39,g@%3VVsw4$,1921-08-16,f,active
195,Brian Osborne,leah71@example.com,dmurray,!_V4W$ad(f,1979-05-15,t,active
196,Mackenzie Chung,mquinn@example.org,bryanlewis,6pyTEYK@#c,2017-08-24,t,active
197,Tanya Sexton,rogersimpson@example.net,jessicasmith,*6b2II!sfl,1977-11-15,t,active
198,Tara Smith,mcintyreheather@example.net,farmersteven,Md8Hr$)z&&,1963-07-06,f,active
199,Patricia Briggs,timothy49@example.net,denise68,76FPQc&Z^I,2013-02-02,f,active
200,Anna Tucker,tonyawilliams@example.org,pkidd,zDROZOCb+0,1980-05-23,t,active
201,Jennifer Thompson,thompsonangela@example.org,robinsonmichael,nA1nY2r6_6,1929-10-09,t,active
202,Elizabeth Guerrero,alexandrafox@example.com,michael51,+6HmDmXvy5,1994-01-14,f,active
203,Amy Holmes,mariaherrera@example.org,thompsonbrandi,)7lsD%9UuF,2007-11-20,t,active
204,Isaac Gonzalez,andrewdaniel@example.net,randyfoster,Mn7Mj#@i$_,2011-11-15,t,active
205,Mark Mendez,leslie06@example.com,vanderson,K(I2@)Dv)^,1916-12-24,f,active
206,Ashley Scott,xmoore@example.org,douglasmiller,xAt4#Bbi(#,1911-04-24,t,active
207,Mindy Perkins,simpsonkatherine@example.com,brownlisa,9jw8uDm%&@,1972-11-26,t,active
208,Ryan Burke,nelsonlori@example.com,mjohnson,o_n5%DCvp&,1963-12-30,f,active
209,John May,gingram@example.net,justinstein,*5A)6rkch&,1940-08-05,f,active
210,Jacob Cortez,brandi65@example.com,taylorallison,l!9LlfOp4E,1972-04-20,f,active
211,Jesus Lawson,xbryant@example.net,collinhart,R&Li+2qiXH,1928-12-08,t,active
212,Tammy Henry,megan11@example.com,christinegreen,s9aS1yXlh),1946-07-10,f,active
213,Cynthia Lopez,catherineferguson@example.org,rwilliams,t7AqVn*H&u,1921-07-17,f,active
214,William Morris,davidmartinez@example.net,thall,SjV+6aNcea,2016-09-26,f,active
215,Christine Brown,benjamin82@example.com,xnguyen,a_WYUNes(2,1910-10-17,f,active
216,Autumn Bennett,zreyes@example.org,rsmith,#@aJJhuN_1,1980-05-04,f,active
217,Jennifer Rivera,kristinaallison@example.net,mcgeesierra,U+h9DCjnzx,1930-05-01,f,active
218,Samuel Wilkinson,kimberlyrogers@example.org,victoria67,iT0K4hCyD+,1956-01-12,t,active
219,Steven Bean,nicole70@example.com,qsanders,Mbz9RhrCE!,1951-07-20,f,active
220,Sarah Pacheco,olove@example.com,stacey64,$@8CS6zeL1,2006-08-23,t,active
221,Dana Shaw,iharris@example.org,tammy53,K)C8EdhEgi,1975-09-24,f,active
222,Laura Wright,chad15@example.org,leslielee,YEmfHP&p_5,1947-01-09,f,active
223,John Lin,jordan87@example.com,robert31,sTDv1B8#!0,1938-11-15,f,active
224,Andrew Dean,karinafoster@example.net,yriggs,VK6pwHlc@y,1965-07-08,f,active
225,Aaron Johnson,sean66@example.net,pwilson,%5@evY@l&R,2003-03-20,f,active
226,Anthony Green,changkevin@example.net,melissahorn,R%8TGmZJHl,2005-09-19,t,active
227,Holly Barton,ncompton@example.com,umorrison,YBqM9qvm4!,2021-07-20,t,active
228,Courtney Hernandez,adrian95@example.net,norman23,+Q7Zd#LoP),2024-06-03,f,active
229,Kelly Bowman,lauren34@example.com,aesparza,e)IOC&vT#2,1934-10-07,t,active
230,Charles Wagner,huffmanchristian@example.org,rkirby,2FvX6Xeu#H,1934-12-31,f,active
231,Melissa Arnold,dawnpham@example.org,torressharon,@9GL*lr_X5,1990-09-22,f,active
232,Amanda Powell,kathleenchavez@example.org,ghansen,ci_y+2BuLG,1974-09-14,f,active
233,Mary Smith,kimberly49@example.com,ysimmons,+q*Zcym*x6,1987-12-21,f,active
234,Dana Roy,david30@example.net,parksmarcus,qW6HTa9l$5,1999-05-30,f,active
235,John Jones,sandra65@example.org,george66,@^_ZIwjng9,1911-04-13,f,active
236,Joseph Ellis,megancarroll@example.com,paul84,@8H7rM&b7C,1934-11-12,f,active
237,Randy Jackson,stephensonkyle@example.org,ballardjeffrey,K7_JjH1R@Y,1994-01-16,f,active
238,Kimberly Colon,mariaprice@example.net,jennifermurphy,(5A5pYwdW_,1936-03-02,f,active
239,Bobby Bennett,christophermeadows@example.net,jcraig,ibKodVx*%1,1941-01-29,t,active
240,Laura Anderson,tgray@example.net,derrickross,J3AboE@f)R,1936-01-12,f,active
241,Casey Murphy,eboyer@example.com,msutton,@1JPkor^k9,1999-05-01,f,active
242,Eric Harvey,allenjohnson@example.org,jpratt,)ka7RmDxms,2024-08-06,f,active
243,Erica Miller,barraimee@example.org,rhinton,5#^C6NcA&6,1987-04-09,t,active
244,Victoria Haynes,christina93@example.com,robert84,&A2E8b6dBa,1968-11-04,f,active
245,Victoria Oneill,john86@example.com,valerie68,5@#91$io4O,2018-03-03,t,active
246,Ryan Jones,shanegonzalez@example.net,lindseyhensley,%#!W)qj&7a,2008-05-06,f,active
247,Maria Decker,danderson@example.com,chris52,XyPl9VOb&^,2002-10-27,t,active
248,John Durham,jamie57@example.com,nicholasjohnson,*9VJj2hZd3,2012-01-20,f,active
249,Megan Walker,jacobsjennifer@example.com,brandynelson,XU539GMp$J,1924-07-10,f,active
250,Lori Marquez,coxvictoria@example.org,katie10,m+1eA^wc^s,1990-06-22,f,active
251,Jason Holmes,barbara68@example.com,baxterveronica,_)x9IFoOtU,1930-08-19,t,active
252,Linda Maldonado,michaelcarrillo@example.com,christinamurphy,@0yX^Jguv4,2004-01-13,f,active
253,Jessica Yates,jeffersonmatthew@example.org,combsjames,!5fTNvgX)I,1957-03-31,t,active
254,Donna Daniels,keithgonzalez@example.net,jparsons,(5zQJGEv*T,1972-07-28,t,active
255,Mike Scott,tracypatterson@example.org,ahowe,#(1ZCw$y39,1942-03-31,t,active
256,Jordan Mathews,carlsonangela@example.org,john71,cK+1RtziLN,1920-01-11,f,active
257,Edward Poole,walkerkristin@example.com,kurt09,259TwsWyl^,2008-07-15,t,active
258,Nancy Perez,rebecca37@example.net,bryce30,_VjPbVxXk2,1939-08-20,f,active
259,Mary Contreras,johnadams@example.net,igilbert,H)%Jf!Vg#9,1976-04-09,t,active
260,Brendan Spears,smithmichael@example.org,perezmelissa,)6URGZVvB@,1924-07-11,f,active
261,Jacqueline Garcia,qbrock@example.org,jackmarshall,iyWRnS@%%2,1993-04-25,t,active
262,Carmen Garcia,garciakeith@example.net,lprice,@9M4q%v++u,2005-02-12,f,active
263,Darryl Snyder,nancyallen@example.org,peckblake,_(y2AF^ql),1927-01-19,f,active
264,Thomas Smith,jerry41@example.net,jmitchell,!29WPks9ib,1979-02-28,f,active
265,Olivia Norris,jfrost@example.net,vlara,XaK8iKLR(8,1920-11-17,t,active
266,Haley Higgins,mbell@example.org,sramirez,%HYX1LSz0P,1985-01-01,t,active
267,Devon Williams,mbrady@example.org,raymondadams,*j4Y@nPqB8,1998-02-11,t,active
268,Mark Williams,blankenshipdaniel@example.net,andersonsarah,_xIWFKgNT0,2018-03-13,f,active
269,Michael Walter,amanda26@example.org,barnesstephanie,w9i6bQlW+@,2012-07-03,f,active
270,Joseph Yates,stevenssteven@example.net,darren36,*28qFVt^5%,1943-07-01,t,active
271,Barbara Taylor,roacheric@example.org,meagan86,S4g^Hzlp_G,1991-01-02,t,active
272,Cody English,harrisbrandon@example.org,cassandrapearson,z((i1ShdQo,1960-12-03,f,active
273,Lindsey Olson,jacqueline44@example.com,arussell,ZF^3J7th6V,2017-02-02,t,active
274,Daryl Roberson,howard86@example.com,victoria42,9l7gP8jo(3,2018-06-02,t,active
275,David Gates,gcarter@example.org,jroberts,(qEro4OjN4,1938-11-03,t,active
276,Gregory Sanchez,walshsara@example.org,laurenleonard,+sXLPpQ(!4,2023-07-29,t,active
277,Terry Sharp,rebecca87@example.net,petersjohn,_$ca!SCun9,1945-04-15,f,active
278,Jonathan Figueroa,dthompson@example.org,bryan86,W0Hx#wkB$K,1984-02-24,f,active
279,Kayla Rodriguez,krista73@example.net,kennethstephenson,&Ci@6WOm1P,1924-06-13,t,active
280,Nathan Burns,raven73@example.net,cvega,+D2NO5xe*M,1949-08-20,f,active
281,Jasmine Roberson,smithmatthew@example.org,jchavez,+mF%Rubqe3,1996-09-22,t,active
282,Martha Daniels,andrea39@example.org,jklein,L$2JUdBCc),1978-10-14,t,active
283,Jordan Lowery,fritzrobert@example.com,sandravaldez,P99I6eSBj(,1954-02-28,f,active
284,Sarah Miranda,ronaldprice@example.net,nhebert,O^8vKVnXyC,1931-08-01,t,active
285,Stephanie Jackson,esalinas@example.net,vpotter,7vSfp_Mf!2,1989-12-11,f,active
286,Tracie Walters,charlesleonard@example.org,robert56,_9CrctK6jC,2008-03-31,f,active
287,Taylor Haynes,llowery@example.com,brownmaria,s@3TIu+un8,2006-02-22,f,active
288,Patrick Green,evan89@example.net,qbooth,i41BXpjoh+,1949-02-14,f,active
289,Warren Reid,bentleysusan@example.net,fgonzales,%2oJ*Rfqqo,1960-09-26,t,active
290,Wendy Hill,hoovermatthew@example.com,amy66,_694RnSpBS,1984-08-09,f,active
291,Brittany Sandoval,brandymurray@example.org,foleysherri,k_72VXfhvh,2018-04-18,f,active
292,Charles Mitchell,lisa59@example.net,scott59,Mj4P*NG!6$,1993-11-20,f,active
293,Samuel White,rebecca53@example.org,whitetodd,c+12S5Eu*K,1992-04-21,f,active
294,Eric Byrd,timothy55@example.net,kennethcarson,!CR6R^vTe5,1917-12-31,f,active
295,Kevin Leon,daltonandrews@example.net,pamelagriffin,%5qNeE%KbI,1980-08-23,t,active
296,Timothy Davis,alexandermark@example.net,edwardsjennifer,^wV@RZ*d9l,1986-11-19,f,active
297,Cameron Malone,hessrobert@example.net,ortegajacqueline,)n8tq1XqX0,1924-09-07,t,active
298,Michael Washington,danielle98@example.net,shannonmcbride,)8mK(Um5Uf,1958-12-17,f,active
299,Blake Robles,johngonzalez@example.com,lwilliamson,2u2LXCf(w&,2007-04-13,t,active
300,Theodore Walker,amber15@example.com,michael68,#XP0hYt6B1,1958-08-23,t,active
301,Lori Williams,robert42@example.net,hogannorman,c$yK6BlEqg,1948-05-18,f,active
302,Tracey Wilson,xcook@example.org,mhunt,iL8Lt0Zz*j,1967-07-29,f,active
303,Michael Davis,robert08@example.com,reeveserica,F#x3pVVyw*,2021-11-30,f,active
304,Lisa Scott,meganatkinson@example.com,justin73,a^K3VVTl1%,1922-10-20,t,active
305,Elizabeth Barnett,jerry50@example.org,wwilliams,!w2(QhUxqT,1981-08-25,f,active
306,Karen Edwards,ramseythomas@example.net,ashley54,!G0JVCEzuC,1936-01-26,f,active
307,Adam Washington,charlessellers@example.net,ndavis,Cg6T&Dz5@W,1972-11-25,t,active
308,Christina Dixon,esnyder@example.net,emilywang,VHbW*qGh)4,1977-03-27,f,active
309,Toni Jennings,cnorman@example.org,brosario,M!lk9IEdg),2012-10-04,t,active
310,Abigail Roberts,zwood@example.org,josephyoung,l*N5xMja)y,1937-09-22,f,active
311,Anthony Bonilla,anthonycurry@example.net,qblevins,w4SLPu#8^9,2012-08-10,t,active
312,Natalie Hutchinson,alewis@example.net,alexandraclark,4x7JpB(m*&,1964-05-27,f,active
313,Wendy Mora DVM,kathryn16@example.net,vlopez,)t$@6Q4n&g,1968-06-21,t,active
314,Judith Bailey,dustingonzalez@example.org,christopherfisher,qPg5(5chr^,1983-04-27,f,active
315,Julie Parker,nicholaswatson@example.net,alyssa46,!ZrU8bUl6Q,1976-04-21,t,active
316,Pamela Rasmussen,cherylbarton@example.net,whamilton,U(vb8)oK+E,2001-01-12,t,active
317,Christopher Torres,david82@example.net,esmith,e@q*3Gedw_,1941-03-23,f,active
318,Katherine Moore,candice42@example.com,hferguson,!g4AUPgacq,1985-09-17,f,active
319,Kyle Johnson,estewart@example.com,warnersarah,FWh7*28a@@,1913-10-29,f,active
320,Joseph Wood,robert17@example.net,julianoble,!#V3dH#u6K,1931-10-22,t,active
321,Steven Day,bpaul@example.com,blevinsjames,((0M1vCpam,1973-03-06,t,active
322,Maria Lucas,knightsean@example.net,colemelissa,_MO71Uvj+j,1991-01-03,t,active
323,Sarah Walker,kimberly96@example.org,srosales,&vUYsj8N96,1938-04-17,f,active
324,Alec Gordon,alexis13@example.org,rspencer,u+m%1&3gqT,1993-06-16,f,active
325,Courtney Singh,willisdaniel@example.net,smithanthony,7g8X8vG2Y&,1997-03-14,f,active
326,Lisa Smith,karencaldwell@example.com,tonywright,w!HgSmrG_8,1990-03-22,f,active
327,Angela Potter,iwood@example.com,todd64,PtS1lqDa&^,2014-08-26,f,active
328,Tammy Simmons,ywilson@example.net,brandon82,%ywyNnZc8_,2009-02-19,f,active
329,Joseph Baxter,robert41@example.net,fcook,*gxQU6_3!7,1989-09-05,f,active
330,Lynn Lynch,calebfuller@example.net,nancy39,jv22G8xb)8,1975-01-18,t,active
331,Kayla Nixon,scott20@example.org,brownjoel,%dS4GXk+q8,2005-06-07,f,active
332,Taylor Campbell,paulterrell@example.org,rodriguezmatthew,wdCHe(jn^7,1951-05-04,t,active
333,Mary Hancock,leahpeters@example.org,ann64,h(0Q+%mq!*,1912-03-12,t,active
334,John Burgess,parklisa@example.com,hodgeskelly,$8BnoGlojp,1994-04-20,f,active
335,James Myers,gprice@example.net,mary22,#1$LZ#Ez+&,2010-08-25,t,active
336,April Berger,alexanderfranklin@example.org,dharrington,$%5lWMxbn4,2021-10-15,t,active
337,Seth Curtis,daviddunn@example.net,andrewknox,88SCVkU#^m,1997-12-14,f,active
338,Hailey Clark,trevor34@example.net,zachary61,@l6IqkkDL2,1984-07-06,t,active
339,Matthew Zimmerman,ibell@example.net,yhines,1U*3EBx&1^,1917-12-31,f,active
340,Christopher Michael,glopez@example.org,chelsea36,(K8VNKEckd,1954-05-17,t,active
341,Todd Long,hamiltonscott@example.com,edward05,&tI4GtMoq1,1943-10-23,t,active
342,Lauren Anthony,nathanrichardson@example.com,tmurray,Sy3KxvNfM!,1937-07-22,f,active
343,Jack Mann,revans@example.com,marcusnicholson,lbpt5SM^K$,1925-06-07,t,active
344,Erin Williams,palmereduardo@example.net,qparker,ywoWbz_B*3,1963-12-16,f,active
345,Nicholas Dalton,cdeleon@example.net,lbeck,!4TPZyHv#r,1997-08-10,f,active
346,William Robinson,hollyanderson@example.org,robertjones,%7PNBRxyVq,1997-11-10,t,active
347,James Knight,hdecker@example.org,danieladams,7(8I1Opu(P,1955-08-01,t,active
348,Robert Wood,michael01@example.net,allison87,I0AmQHfE!9,1916-11-29,t,active
349,Matthew Mitchell,emilybell@example.net,jamie79,+A^1VEby$E,1978-10-20,f,active
350,William Adams,kanderson@example.org,oknox,H$s6HyIjYA,2014-06-08,f,active
351,Pamela Martinez,shuerta@example.com,loretta15,rn94H2sCd^,1936-01-31,f,active
352,David Lindsey,smithanna@example.org,ifleming,2uKdU@oI$k,1911-05-09,f,active
353,Sara Green,christopherjohnson@example.com,haynesnicole,$_9P_N_qk4,2009-08-08,t,active
354,Blake Scott,dananewman@example.com,cory25,^b6Dm_rr6G,2007-11-15,t,active
355,Sara Watson,brucejimmy@example.org,gardneralexis,OE3TV98f!s,1924-10-07,f,active
356,Eric Allen,jacob52@example.org,benjamingood,h8tjd_Dt%@,2008-01-13,t,active
357,Anthony Lee,andreamann@example.net,varmstrong,9@0U$InadD,2004-12-01,t,active
358,Robert Jones,henry62@example.net,qhoward,5ozaL^$w%*,2003-03-29,t,active
359,Tracy Moreno,vporter@example.net,jennifer95,r)(c7BuP@J,1984-01-29,f,active
360,Kevin Floyd,bellnichole@example.org,jonathan32,%*4KExiMh8,2005-12-28,t,active
361,Monica Orr,charlesgarrett@example.net,rstewart,ps36Krm4%@,2024-03-05,f,active
362,Rebecca Hunter,mhansen@example.net,amanda84,$c8SsmEdp!,1919-11-22,f,active
363,Catherine Johnson,christopherhart@example.org,shelleymayer,+i14DYvRbx,1959-10-05,f,active
364,Dustin Rice,lclark@example.net,richard36,R7LNSnmZ(9,2017-10-18,f,active
365,Troy Montgomery,ehood@example.com,tanderson,!@z30WUnlC,1968-10-09,t,active
366,Thomas Jenkins,esmith@example.org,roger42,*XT&NCmwu6,1977-06-19,f,active
367,Shannon Humphrey,julie84@example.com,smithsheila,&vKbj__GA0,1923-07-30,f,active
368,Linda Long,hannah47@example.com,scott18,&vyRHUwv%1,1910-09-14,f,active
369,Alicia Davenport,bharrington@example.org,khicks,(e45nYu8l^,1974-08-24,f,active
370,Tracy Perry,fhall@example.net,ycox,*5^X1wtuwq,2019-10-28,t,active
371,Joseph Miller,joshua11@example.net,jhall,)gAIWAnly1,2008-10-10,t,active
372,David Lambert,christinadecker@example.com,ncastaneda,kD0IQWLz&(,2002-08-22,f,active
373,Julie Barnes,zhernandez@example.net,scottjohnson,^9!5OMuKas,2007-05-12,f,active
374,Dana Doyle,brandydunn@example.org,zdavidson,03%h69Hd_M,1917-05-27,t,active
375,Andrew Lewis,brian12@example.net,bennettkristin,(9(HLnbtR6,1919-07-03,t,active
376,Tonya Dixon,owenswilliam@example.com,destinytaylor,evIwgsjF#6,1935-09-26,f,active
377,Megan Scott,tfrench@example.com,romeromichael,_1RMQUartU,1975-11-30,f,active
378,Adrian Arnold,ahale@example.org,robert16,i7Q*f)hv@1,1940-07-09,f,active
379,James Clayton,saunderskelsey@example.org,kimberly06,!14ZRa2mg%,1920-08-22,t,active
380,Paula Young,nhansen@example.org,currymichael,UlC+O^Mq!2,1922-09-07,f,active
381,Martha Wright,bhall@example.org,daniel97,DP7tHMoy^i,2014-06-14,t,active
382,Derrick Norris,tsmith@example.net,nicholas69,c2bXEujH+B,1973-07-09,f,active
383,Kevin Adams,qmoore@example.com,kimdanielle,##tlHktso2,2022-02-16,t,active
384,Sara Day,brandon88@example.net,jenniferpeters,%V0rb86jP),1934-01-22,f,active
385,Shane Miller,sabrinaconway@example.org,kaitlyn28,N(M6*SFezi,1923-12-16,t,active
386,Amy Reyes MD,oscar17@example.com,wongtina,#5IVq2He%E,2016-07-18,t,active
387,Patricia Lyons,amymoore@example.org,linda27,i70G5kBy+y,1942-01-27,t,active
388,Jason Adams,jeanne77@example.com,davisryan,40CVy6+N#Y,1961-03-26,t,active
389,Lauren Adams,kempjared@example.net,cynthia12,2o2YD%QJS^,1972-07-04,t,active
390,Sharon Pope,usnyder@example.net,vmarshall,!PEOFbUod4,1964-01-28,t,active
391,Russell Price,kellyhernandez@example.com,reginamelendez,(7tMmFNjD0,1936-11-03,t,active
392,Kim Harrison,julie24@example.com,ericcoleman,9T7nIxWaY(,2020-06-08,f,active
393,Nicholas Mcdaniel,zachary68@example.org,qgray,#)0T#5yUJW,1963-12-05,f,active
394,Mary Cisneros,wilkinsonjustin@example.com,kimberlyparks,(2JZ&1wb$f,2010-04-27,f,active
395,Roy Hayes,whiteheadrebecca@example.org,adam56,%XS2wiMoe1,1956-10-28,t,active
396,Timothy Underwood,johnsontimothy@example.org,debbie86,#Q0b^Xefo+,1938-08-28,t,active
397,Michael Ho,dominic40@example.com,taylorangela,+0GQFygsK*,1964-03-15,t,active
398,Jill Smith,kevin68@example.org,villegasjason,!LkFVWVWw2,1964-08-19,f,active
399,Richard Moore,lukecook@example.net,brandon17,!3T6YgPw(j,1926-12-05,t,active
400,Brandon Bennett,duncansandy@example.net,aberry,&3Ixo3nC3%,1916-04-12,t,active
401,Alexander Schroeder,kendrafrye@example.net,burtonpamela,0V*KozNj#n,1980-05-19,t,active
402,Michael Hubbard,emmabrooks@example.net,jimenezmichelle,pF37FQUeM^,1939-02-12,t,active
403,Annette King,ugeorge@example.org,gwilliams,$6HMap6Q2!,1998-01-15,f,active
404,Connie Brown,christopherrush@example.com,bryantronald,g!Hxs7Is$8,2014-06-16,t,active
405,Nicole Frazier,reneeneal@example.com,kiaramcdaniel,f+4E8b_k6t,2024-02-01,f,active
406,Herbert Sanchez,nataliemorgan@example.com,trevormurray,)8YArh&h)K,2015-04-01,f,active
407,Lisa Wilkerson,ilee@example.net,rodney50,JH30Bbj&$8,1989-05-03,f,active
408,Charles Aguilar,stephen54@example.org,boonebradley,9N!Nd4Bx#i,2025-04-29,t,active
409,Brianna Medina,anthony12@example.org,leslie67,#tBs&5tby7,1936-06-21,t,active
410,Bruce Haley,hshaw@example.net,sandovalsara,^7(Wf&cF02,1941-10-28,f,active
411,Nancy Mathis,qfowler@example.net,dfreeman,5DgI4lRr$7,1934-02-01,t,active
412,Caleb Davis,lwatson@example.org,michellepowell,7DGW%rXu$4,1949-03-06,f,active
413,Brian Boyer,michaelreese@example.org,gonzalesshawna,@S)(_6YgDQ,1969-04-17,f,active
414,Cynthia Jefferson,fgibson@example.com,smithcynthia,#q&6LIf10b,1916-04-02,f,active
415,Janice Smith,jimenezjessica@example.org,jtaylor,u3%vQZdW%F,1973-10-08,f,active
416,William Lopez,allisonnelson@example.com,corey89,$9zELy(J@6,2001-01-19,t,active
417,Daniel Soto,qcastillo@example.net,nicholehill,**iVPORi36,1994-12-29,t,active
418,Tiffany Curtis,bvillanueva@example.org,john53,lSOJLBMn+5,1930-05-03,t,active
419,Clarence Simon,ortizjoann@example.org,hamiltonmelissa,w+yaB(Ytv2,2017-12-20,f,active
420,Tina Taylor,bwalters@example.net,alyssaferrell,ZG5QBpk(!J,2008-11-11,t,active
421,Amber Perez,reedreginald@example.org,johnsonwilliam,7$47Tu*yoL,1957-03-22,t,active
422,Brandon Clark DDS,fsexton@example.net,gilbertelizabeth,)46NGwzakA,1920-11-10,t,active
423,Angelica Bryant,ashley16@example.net,dli,!r3B^%e&B7,2018-05-02,f,active
424,Todd Figueroa,lawrencegomez@example.com,faguilar,QxORfZW)!7,1942-09-02,f,active
425,Jennifer Nelson,qgilbert@example.net,saragardner,4d$w(ARb#6,2000-02-09,f,active
426,Valerie Robbins,darrenhenson@example.com,cassie88,&R7A4ga9N8,2001-06-19,t,active
427,Marilyn Davis,ericlee@example.com,dbrown,R5Ogtx!r*A,1911-10-16,f,active
428,Valerie Schmidt,williamgolden@example.com,brittany98,JFU2JItMK_,1983-03-30,f,active
429,Lawrence Smith,michaelmorales@example.net,johnsonzachary,A@6MRdg%Xh,1946-03-12,t,active
430,Stephen Callahan II,cbond@example.com,jenkinsaustin,H+4Y^&DbGH,1929-03-27,t,active
431,John Gutierrez,karenkemp@example.org,jmcconnell,kH02AJTl!j,1985-09-08,t,active
432,Calvin Ford,michelleingram@example.org,rivasdennis,oX5RdS(y&Z,1954-10-05,f,active
433,Rachel Nunez,michaelbrown@example.com,ibrown,3q&82G(wGS,1923-03-12,t,active
434,Daniel Bradford,ubaker@example.net,bridget04,mTeO)uVn&3,1912-06-16,f,active
435,Brian Payne,sgilbert@example.net,anthonybennett,xg(10DzocZ,1966-08-19,f,active
436,Kelly Powell,ncarrillo@example.net,danielsummers,qxgFL^7j!3,1989-03-18,f,active
437,Anita Mora,andersoncindy@example.net,scottdaisy,92NkHb%i$+,1920-08-18,t,active
438,Jeff Davis,nina72@example.net,garrettadams,*j0Z%RmpmS,1934-04-16,f,active
439,Robert Sanchez,lward@example.com,tammyshaw,$sjdIEmgi1,2005-10-19,t,active
440,Lori Williamson PhD,christophermarquez@example.org,heather72,Mm8D1EoA!%,1938-06-22,t,active
441,Ashley Knapp,mramos@example.org,jennifer13,m&2Bq8g4+%,1934-07-20,f,active
442,Corey Silva,emily86@example.net,gregorysusan,^5URKc+X1p,1918-01-17,t,active
443,Jonathan Gonzalez MD,urivera@example.com,vlandry,M$b6TYjysz,2020-09-08,f,active
444,Nathan Fitzpatrick,anthonyjohnson@example.org,emilysheppard,bX_6Ye)za(,1934-06-05,t,active
445,Travis Smith,matthew63@example.com,leslie54,2TKWxKBv@m,1960-09-19,t,active
446,Shannon Shepherd,ronaldwright@example.org,hermangreg,!g_8%QTbj#,1951-08-20,f,active
447,Aaron Jones,jturner@example.org,kinglaura,+0NBO)zEA%,1988-11-06,t,active
448,Janet Johnson,robertfisher@example.com,blake96,!0gU6UwB5V,2004-01-27,t,active
449,Janet Schwartz,jillpace@example.com,mark05,(9xCZaHoV&,2019-11-15,t,active
450,Jamie Obrien,dswanson@example.org,obrock,^2K%w3TiAQ,1994-06-23,f,active
